Categorie,Furnizor,tip_toc,reglaj,Decor,Finisaj,Pret lista (EUR)
Tocuri,Erkado,Toc Reglabil Usi Fara Falt,80 - 95,TEXT,GREKO,250
Tocuri,Erkado,Toc Reglabil Usi Fara Falt,80 - 95,TEXT,CPL 2.0,279
Tocuri,Erkado,Toc Reglabil Usi Fara Falt,80 - 95,TEXT,CPL ST /PREMIUM,266
Tocuri,Erkado,Toc Reglabil Usi Fara Falt,80 - 95,TEXT,LACUIT,351
Tocuri,Erkado,Toc Reglabil Usi Fara Falt,80 - 95,TEXT,GREKO,250
Tocuri,Erkado,Toc Reglabil Usi Fara Falt,80 - 95,TEXT,CPL 2.0,279
Tocuri,Erkado,Toc Reglabil Usi Fara Falt,80 - 95,TEXT,CPL ST /PREMIUM,266
Tocuri,Erkado,Toc Reglabil Usi Fara Falt,80 - 95,TEXT,LACUIT,351
Tocuri,Erkado,Toc Reglabil Usi Fara Falt,95 - 115,TEXT,GREKO,250
Tocuri,Erkado,Toc Reglabil Usi Fara Falt,95 - 115,TEXT,CPL 2.0,279
Tocuri,Erkado,Toc Reglabil Usi Fara Falt,95 - 115,TEXT,CPL ST /PREMIUM,266
Tocuri,Erkado,Toc Reglabil Usi Fara Falt,95 - 115,TEXT,LACUIT,351
Tocuri,Erkado,Toc Reglabil Usi Fara Falt,115 - 135,TEXT,GREKO,250
Tocuri,Erkado,Toc Reglabil Usi Fara Falt,115 - 135,TEXT,CPL 2.0,279
Tocuri,Erkado,Toc Reglabil Usi Fara Falt,115 - 135,TEXT,CPL ST /PREMIUM,266
Tocuri,Erkado,Toc Reglabil Usi Fara Falt,115 - 135,TEXT,LACUIT,351
Tocuri,Erkado,Toc Reglabil Usi Fara Falt,135 - 155,TEXT,GREKO,262
Tocuri,Erkado,Toc Reglabil Usi Fara Falt,135 - 155,TEXT,CPL 2.0,291
Tocuri,Erkado,Toc Reglabil Usi Fara Falt,135 - 155,TEXT,CPL ST /PREMIUM,277
Tocuri,Erkado,Toc Reglabil Usi Fara Falt,135 - 155,TEXT,LACUIT,369
Tocuri,Erkado,Toc Reglabil Usi Fara Falt,155 - 175,TEXT,GREKO,262
Tocuri,Erkado,Toc Reglabil Usi Fara Falt,155 - 175,TEXT,CPL 2.0,291
Tocuri,Erkado,Toc Reglabil Usi Fara Falt,155 - 175,TEXT,CPL ST /PREMIUM,277
Tocuri,Erkado,Toc Reglabil Usi Fara Falt,155 - 175,TEXT,LACUIT,369
Tocuri,Erkado,Toc Reglabil Usi Fara Falt,175 - 195,TEXT,GREKO,262
Tocuri,Erkado,Toc Reglabil Usi Fara Falt,175 - 195,TEXT,CPL 2.0,291
Tocuri,Erkado,Toc Reglabil Usi Fara Falt,175 - 195,TEXT,CPL ST /PREMIUM,277
Tocuri,Erkado,Toc Reglabil Usi Fara Falt,175 - 195,TEXT,LACUIT,369
Tocuri,Erkado,Toc Reglabil Usi Fara Falt,195 - 215,TEXT,GREKO,269
Tocuri,Erkado,Toc Reglabil Usi Fara Falt,195 - 215,TEXT,CPL 2.0,297
Tocuri,Erkado,Toc Reglabil Usi Fara Falt,195 - 215,TEXT,CPL ST /PREMIUM,283
Tocuri,Erkado,Toc Reglabil Usi Fara Falt,195 - 215,TEXT,LACUIT,387
Tocuri,Erkado,Toc Reglabil Usi Fara Falt,215 - 235,TEXT,GREKO,269
Tocuri,Erkado,Toc Reglabil Usi Fara Falt,215 - 235,TEXT,CPL 2.0,297
Tocuri,Erkado,Toc Reglabil Usi Fara Falt,215 - 235,TEXT,CPL ST /PREMIUM,283
Tocuri,Erkado,Toc Reglabil Usi Fara Falt,215 - 235,TEXT,LACUIT,387
Tocuri,Erkado,Toc Reglabil Usi Fara Falt,235 - 255,TEXT,GREKO,269
Tocuri,Erkado,Toc Reglabil Usi Fara Falt,235 - 255,TEXT,CPL 2.0,297
Tocuri,Erkado,Toc Reglabil Usi Fara Falt,235 - 255,TEXT,CPL ST /PREMIUM,283
Tocuri,Erkado,Toc Reglabil Usi Fara Falt,235 - 255,TEXT,LACUIT,387
Tocuri,Erkado,Toc Reglabil Usi Fara Falt,255 - 275,TEXT,GREKO,275
Tocuri,Erkado,Toc Reglabil Usi Fara Falt,255 - 275,TEXT,CPL 2.0,304
Tocuri,Erkado,Toc Reglabil Usi Fara Falt,255 - 275,TEXT,CPL ST /PREMIUM,291
Tocuri,Erkado,Toc Reglabil Usi Fara Falt,255 - 275,TEXT,LACUIT,405
Tocuri,Erkado,Toc Reglabil Usi Fara Falt,275 - 295,TEXT,GREKO,275
Tocuri,Erkado,Toc Reglabil Usi Fara Falt,275 - 295,TEXT,CPL 2.0,304
Tocuri,Erkado,Toc Reglabil Usi Fara Falt,275 - 295,TEXT,CPL ST /PREMIUM,291
Tocuri,Erkado,Toc Reglabil Usi Fara Falt,275 - 295,TEXT,LACUIT,405
Tocuri,Erkado,Toc Reglabil Usi Fara Falt,315 - 355,TEXT,GREKO,297
Tocuri,Erkado,Toc Reglabil Usi Fara Falt,315 - 355,TEXT,CPL 2.0,326
Tocuri,Erkado,Toc Reglabil Usi Fara Falt,315 - 355,TEXT,CPL ST /PREMIUM,312
Tocuri,Erkado,Toc Reglabil Usi Fara Falt,315 - 355,TEXT,LACUIT,427
Tocuri,Erkado,Toc Reglabil Usi Fara Falt,315 - 355,TEXT,GREKO,297
Tocuri,Erkado,Toc Reglabil Usi Fara Falt,315 - 355,TEXT,CPL 2.0,326
Tocuri,Erkado,Toc Reglabil Usi Fara Falt,315 - 355,TEXT,CPL ST /PREMIUM,312
Tocuri,Erkado,Toc Reglabil Usi Fara Falt,315 - 355,TEXT,LACUIT,427
Tocuri,Erkado,Toc Reglabil Usi Fara Falt,355 - 375,TEXT,GREKO,325
Tocuri,Erkado,Toc Reglabil Usi Fara Falt,355 - 375,TEXT,CPL 2.0,354
Tocuri,Erkado,Toc Reglabil Usi Fara Falt,355 - 375,TEXT,CPL ST /PREMIUM,341
Tocuri,Erkado,Toc Reglabil Usi Fara Falt,355 - 375,TEXT,LACUIT,451
Tocuri,Erkado,Toc Reglabil Usi Fara Falt,375 - 395,TEXT,GREKO,340
Tocuri,Erkado,Toc Reglabil Usi Fara Falt,375 - 395,TEXT,CPL 2.0,369
Tocuri,Erkado,Toc Reglabil Usi Fara Falt,375 - 395,TEXT,CPL ST /PREMIUM,354
Tocuri,Erkado,Toc Reglabil Usi Fara Falt,375 - 395,TEXT,LACUIT,468
Tocuri,Erkado,Toc Reglabil Usi Fara Falt,395 - 415,TEXT,GREKO,340
Tocuri,Erkado,Toc Reglabil Usi Fara Falt,395 - 415,TEXT,CPL 2.0,369
Tocuri,Erkado,Toc Reglabil Usi Fara Falt,395 - 415,TEXT,CPL ST /PREMIUM,354
Tocuri,Erkado,Toc Reglabil Usi Fara Falt,395 - 415,TEXT,LACUIT,468