Model,Rozeta,Tip Element,Cod Produs,Finisaj,Pret Net (Lei)
PETUNIA,R SLIM 7MM,Măner,AS PETUNIA R 7S,KG,578.08
PETUNIA,R SLIM 7MM,OB,AS PETUNIA R 7S OB,KG,93.0
PETUNIA,R SLIM 7MM,PZ,AS PETUNIA R 7S PZ,KG,93.0
PETUNIA,R SLIM 7MM,WC,AS PETUNIA R 7S WC,KG,136.11
PETUNIA,R SLIM 7MM,Măner,AS PETUNIA R 7S,LC,481.73
PETUNIA,R SLIM 7MM,OB,AS PETUNIA R 7S OB,LC,77.5
PETUNIA,R SLIM 7MM,PZ,AS PETUNIA R 7S PZ,LC,77.5
PETUNIA,R SLIM 7MM,WC,AS PETUNIA R 7S WC,LC,118.84
PETUNIA,R SLIM 7MM,Măner,AS PETUNIA R 7S,LG,578.08
PETUNIA,R SLIM 7MM,OB,AS PETUNIA R 7S OB,LG,93.0
PETUNIA,R SLIM 7MM,PZ,AS PETUNIA R 7S PZ,LG,93.0
PETUNIA,R SLIM 7MM,WC,AS PETUNIA R 7S WC,LG,136.11
PEONIA,R SLIM 7MM,Măner,AS PEONIA R 7S,BK,327.91
PEONIA,R SLIM 7MM,OB,AS PEONIA R 7S OB,BK,65.85
PEONIA,R SLIM 7MM,PZ,AS PEONIA R 7S PZ,BK,66.85
PEONIA,R SLIM 7MM,WC,AS PEONIA R 7S WC,BK,113.13
PEONIA,R SLIM 7MM,Măner,AS PEONIA R 7S,LC,327.91
PEONIA,R SLIM 7MM,OB,AS PEONIA R 7S OB,LC,65.85
PEONIA,R SLIM 7MM,PZ,AS PEONIA R 7S PZ,LC,66.85
PEONIA,R SLIM 7MM,WC,AS PEONIA R 7S WC,LC,113.13
PEONIA,R SLIM 7MM,Măner,AS PEONIA R 7S,SC,327.91
PEONIA,R SLIM 7MM,OB,AS PEONIA R 7S OB,SC,65.85
PEONIA,R SLIM 7MM,PZ,AS PEONIA R 7S PZ,SC,66.85
PEONIA,R SLIM 7MM,WC,AS PEONIA R 7S WC,SC,113.13
PAPAVERA,R SLIM 7MM,Măner,AS PAPAVERA R 7S,GYM,389.65
PAPAVERA,R SLIM 7MM,OB,AS PAPAVERA R 7S OB,GYM,79.03
PAPAVERA,R SLIM 7MM,PZ,AS PAPAVERA R 7S PZ,GYM,79.03
PAPAVERA,R SLIM 7MM,WC,AS PAPAVERA R 7S WC,GYM,129.59
PAPAVERA,R SLIM 7MM,Măner,AS PAPAVERA R 7S,KG,389.65
PAPAVERA,R SLIM 7MM,OB,AS PAPAVERA R 7S OB,KG,79.03
PAPAVERA,R SLIM 7MM,PZ,AS PAPAVERA R 7S PZ,KG,79.03
PAPAVERA,R SLIM 7MM,WC,AS PAPAVERA R 7S WC,KG,129.59
PAPAVERA,R SLIM 7MM,Măner,AS PAPAVERA R 7S,SNM,361.73
PAPAVERA,R SLIM 7MM,OB,AS PAPAVERA R 7S OB,SNM,72.44
PAPAVERA,R SLIM 7MM,PZ,AS PAPAVERA R 7S PZ,SNM,72.44
PAPAVERA,R SLIM 7MM,WC,AS PAPAVERA R 7S WC,SNM,124.46
ORCHIDE,R SLIM 7MM,Măner,AS ORCHIDE R 7S,BK,327.36
ORCHIDE,R SLIM 7MM,OB,AS ORCHIDE R 7S OB,BK,65.85
ORCHIDE,R SLIM 7MM,PZ,AS ORCHIDE R 7S PZ,BK,65.85
ORCHIDE,R SLIM 7MM,WC,AS ORCHIDE R 7S WC,BK,113.13
ORCHIDE,R SLIM 7MM,Măner,AS ORCHIDE R 7S,KG,392.84
ORCHIDE,R SLIM 7MM,OB,AS ORCHIDE R 7S OB,KG,79.03
ORCHIDE,R SLIM 7MM,PZ,AS ORCHIDE R 7S PZ,KG,79.03
ORCHIDE,R SLIM 7MM,WC,AS ORCHIDE R 7S WC,KG,129.59
ORCHIDE,R SLIM 7MM,Măner,AS ORCHIDE R 7S,LC,327.36
ORCHIDE,R SLIM 7MM,OB,AS ORCHIDE R 7S OB,LC,65.85
ORCHIDE,R SLIM 7MM,PZ,AS ORCHIDE R 7S PZ,LC,65.85
ORCHIDE,R SLIM 7MM,WC,AS ORCHIDE R 7S WC,LC,113.13
ORCHIDE,R SLIM 7MM,Măner,AS ORCHIDE R 7S,LG,392.84
ORCHIDE,R SLIM 7MM,OB,AS ORCHIDE R 7S OB,LG,79.03
ORCHIDE,R SLIM 7MM,PZ,AS ORCHIDE R 7S PZ,LG,79.03
ORCHIDE,R SLIM 7MM,WC,AS ORCHIDE R 7S WC,LG,129.59
ORCHIDE,R SLIM 7MM,Măner,AS ORCHIDE R 7S,SC,327.36
ORCHIDE,R SLIM 7MM,OB,AS ORCHIDE R 7S OB,SC,65.85
ORCHIDE,R SLIM 7MM,PZ,AS ORCHIDE R 7S PZ,SC,65.85
ORCHIDE,R SLIM 7MM,WC,AS ORCHIDE R 7S WC,SC,113.13
OLEANDRO,R SLIM 7MM,Măner,AS OLEANDRO R 7S,BLACK,178.23
OLEANDRO,R SLIM 7MM,OB,AS OLEANDRO R 7S OB,BLACK,65.01
OLEANDRO,R SLIM 7MM,PZ,AS OLEANDRO R 7S PZ,BLACK,65.01
OLEANDRO,R SLIM 7MM,WC,AS OLEANDRO R 7S WC,BLACK,111.7
OLEANDRO,R SLIM 7MM,Măner,AS OLEANDRO R 7S,CP,178.23
OLEANDRO,R SLIM 7MM,OB,AS OLEANDRO R 7S OB,CP,65.01
OLEANDRO,R SLIM 7MM,PZ,AS OLEANDRO R 7S PZ,CP,65.01
OLEANDRO,R SLIM 7MM,WC,AS OLEANDRO R 7S WC,CP,111.7
OLEANDRO,R SLIM 7MM,Măner,AS OLEANDRO R 7S,GOLD PVD,196.05
OLEANDRO,R SLIM 7MM,OB,AS OLEANDRO R 7S OB,GOLD PVD,71.51
OLEANDRO,R SLIM 7MM,PZ,AS OLEANDRO R 7S PZ,GOLD PVD,71.51
OLEANDRO,R SLIM 7MM,WC,AS OLEANDRO R 7S WC,GOLD PVD,122.85
OLEANDRO,R SLIM 7MM,Măner,AS OLEANDRO R 7S,GOLD SATIN,213.88
OLEANDRO,R SLIM 7MM,OB,AS OLEANDRO R 7S OB,GOLD SATIN,78.01
OLEANDRO,R SLIM 7MM,PZ,AS OLEANDRO R 7S PZ,GOLD SATIN,78.01
OLEANDRO,R SLIM 7MM,WC,AS OLEANDRO R 7S WC,GOLD SATIN,128.44
OLEANDRO,R SLIM 7MM,Măner,AS OLEANDRO R 7S,MSB,187.15
OLEANDRO,R SLIM 7MM,OB,AS OLEANDRO R 7S OB,MSB,65.01
OLEANDRO,R SLIM 7MM,PZ,AS OLEANDRO R 7S PZ,MSB,65.01
OLEANDRO,R SLIM 7MM,WC,AS OLEANDRO R 7S WC,MSB,111.7
OLEANDRO,R SLIM 7MM,Măner,AS OLEANDRO R 7S,MSC,178.23
OLEANDRO,R SLIM 7MM,OB,AS OLEANDRO R 7S OB,MSC,65.01
OLEANDRO,R SLIM 7MM,PZ,AS OLEANDRO R 7S PZ,MSC,65.01
OLEANDRO,R SLIM 7MM,WC,AS OLEANDRO R 7S WC,MSC,111.7
OLEANDRO,R SLIM 7MM,Măner,AS OLEANDRO R 7S,MSN,187.15
OLEANDRO,R SLIM 7MM,OB,AS OLEANDRO R 7S OB,MSN,65.01
OLEANDRO,R SLIM 7MM,PZ,AS OLEANDRO R 7S PZ,MSN,65.01
OLEANDRO,R SLIM 7MM,WC,AS OLEANDRO R 7S WC,MSN,111.7
NINFEA R,R SLIM 7MM,Măner,AS NINFEA R R 7S,LC,269.43
NINFEA R,R SLIM 7MM,OB,AS NINFEA R R 7S OB,LC,65.85
NINFEA R,R SLIM 7MM,PZ,AS NINFEA R R 7S PZ,LC,65.85
NINFEA R,R SLIM 7MM,WC,AS NINFEA R R 7S WC,LC,113.13
NINFEA R,R SLIM 7MM,Măner,AS NINFEA R R 7S,SC,269.43
NINFEA R,R SLIM 7MM,OB,AS NINFEA R R 7S OB,SC,65.85
NINFEA R,R SLIM 7MM,PZ,AS NINFEA R R 7S PZ,SC,65.85
NINFEA R,R SLIM 7MM,WC,AS NINFEA R R 7S WC,SC,113.13
NERINA,R SLIM 7MM,Măner,AS NERINA R 7S,LC,278.51
NERINA,R SLIM 7MM,OB,AS NERINA R 7S OB,LC,65.85
NERINA,R SLIM 7MM,PZ,AS NERINA R 7S PZ,LC,65.85
NERINA,R SLIM 7MM,WC,AS NERINA R 7S WC,LC,113.13
NERINA,R SLIM 7MM,Măner,AS NERINA R 7S,LG PVD,334.23
NERINA,R SLIM 7MM,OB,AS NERINA R 7S OB,LG PVD,79.03
NERINA,R SLIM 7MM,PZ,AS NERINA R 7S PZ,LG PVD,79.03
NERINA,R SLIM 7MM,WC,AS NERINA R 7S WC,LG PVD,129.59
MOLINIA,R SLIM 7MM,Măner,AS MOLINIA R 7S,BLACK,329.95
MOLINIA,R SLIM 7MM,OB,AS MOLINIA R 7S OB,BLACK,65.01
MOLINIA,R SLIM 7MM,PZ,AS MOLINIA R 7S PZ,BLACK,65.01
MOLINIA,R SLIM 7MM,WC,AS MOLINIA R 7S WC,BLACK,111.7
MOLINIA,R SLIM 7MM,Măner,AS MOLINIA R 7S,BR,346.44
MOLINIA,R SLIM 7MM,OB,AS MOLINIA R 7S OB,BR,65.01
MOLINIA,R SLIM 7MM,PZ,AS MOLINIA R 7S PZ,BR,65.01
MOLINIA,R SLIM 7MM,WC,AS MOLINIA R 7S WC,BR,111.7
MOLINIA,R SLIM 7MM,Măner,AS MOLINIA R 7S,CP,329.95
MOLINIA,R SLIM 7MM,OB,AS MOLINIA R 7S OB,CP,65.01
MOLINIA,R SLIM 7MM,PZ,AS MOLINIA R 7S PZ,CP,65.01
MOLINIA,R SLIM 7MM,WC,AS MOLINIA R 7S WC,CP,111.7
MOLINIA,R SLIM 7MM,Măner,AS MOLINIA R 7S,GOLD PVD,381.03
MOLINIA,R SLIM 7MM,OB,AS MOLINIA R 7S OB,GOLD PVD,71.51
MOLINIA,R SLIM 7MM,PZ,AS MOLINIA R 7S PZ,GOLD PVD,71.51
MOLINIA,R SLIM 7MM,WC,AS MOLINIA R 7S WC,GOLD PVD,122.85
MOLINIA,R SLIM 7MM,Măner,AS MOLINIA R 7S,GOLD SATIN,381.03
MOLINIA,R SLIM 7MM,OB,AS MOLINIA R 7S OB,GOLD SATIN,71.51
MOLINIA,R SLIM 7MM,PZ,AS MOLINIA R 7S PZ,GOLD SATIN,71.51
MOLINIA,R SLIM 7MM,WC,AS MOLINIA R 7S WC,GOLD SATIN,122.85
MOLINIA,R SLIM 7MM,Măner,AS MOLINIA R 7S,MSB,346.44
MOLINIA,R SLIM 7MM,OB,AS MOLINIA R 7S OB,MSB,65.01
MOLINIA,R SLIM 7MM,PZ,AS MOLINIA R 7S PZ,MSB,65.01
MOLINIA,R SLIM 7MM,WC,AS MOLINIA R 7S WC,MSB,111.7
MOLINIA,R SLIM 7MM,Măner,AS MOLINIA R 7S,MSN,346.44
MOLINIA,R SLIM 7MM,OB,AS MOLINIA R 7S OB,MSN,65.01
MOLINIA,R SLIM 7MM,PZ,AS MOLINIA R 7S PZ,MSN,65.01
MOLINIA,R SLIM 7MM,WC,AS MOLINIA R 7S WC,MSN,111.7
MARIGOLD,R SLIM 7MM,Măner,AS MARIGOLD R 7S,BK,382.1
MARIGOLD,R SLIM 7MM,OB,AS MARIGOLD R 7S OB,BK,65.85
MARIGOLD,R SLIM 7MM,PZ,AS MARIGOLD R 7S PZ,BK,65.85
MARIGOLD,R SLIM 7MM,WC,AS MARIGOLD R 7S WC,BK,113.13
MARIGOLD,R SLIM 7MM,Măner,AS MARIGOLD R 7S,FB,829.78
MARIGOLD,R SLIM 7MM,OB,AS MARIGOLD R 7S OB,FB,79.03
MARIGOLD,R SLIM 7MM,PZ,AS MARIGOLD R 7S PZ,FB,79.03
MARIGOLD,R SLIM 7MM,WC,AS MARIGOLD R 7S WC,FB,129.59
MARIGOLD,R SLIM 7MM,Măner,AS MARIGOLD R 7S,KG,458.54
MARIGOLD,R SLIM 7MM,OB,AS MARIGOLD R 7S OB,KG,79.03
MARIGOLD,R SLIM 7MM,PZ,AS MARIGOLD R 7S PZ,KG,79.03
MARIGOLD,R SLIM 7MM,WC,AS MARIGOLD R 7S WC,KG,129.59
MARIGOLD,R SLIM 7MM,Măner,AS MARIGOLD R 7S,LC,382.1
MARIGOLD,R SLIM 7MM,OB,AS MARIGOLD R 7S OB,LC,65.85
MARIGOLD,R SLIM 7MM,PZ,AS MARIGOLD R 7S PZ,LC,65.85
MARIGOLD,R SLIM 7MM,WC,AS MARIGOLD R 7S WC,LC,113.13
MARIGOLD,R SLIM 7MM,Măner,AS MARIGOLD R 7S,LG,458.54
MARIGOLD,R SLIM 7MM,OB,AS MARIGOLD R 7S OB,LG,79.03
MARIGOLD,R SLIM 7MM,PZ,AS MARIGOLD R 7S PZ,LG,79.03
MARIGOLD,R SLIM 7MM,WC,AS MARIGOLD R 7S WC,LG,129.59
MARIGOLD,R SLIM 7MM,Măner,AS MARIGOLD R 7S,PN PVD,458.54
MARIGOLD,R SLIM 7MM,OB,AS MARIGOLD R 7S OB,PN PVD,79.03
MARIGOLD,R SLIM 7MM,PZ,AS MARIGOLD R 7S PZ,PN PVD,79.03
MARIGOLD,R SLIM 7MM,WC,AS MARIGOLD R 7S WC,PN PVD,129.59
MARIGOLD,R SLIM 7MM,Măner,AS MARIGOLD R 7S,WH,458.54
MARIGOLD,R SLIM 7MM,OB,AS MARIGOLD R 7S OB,WH,79.03
MARIGOLD,R SLIM 7MM,PZ,AS MARIGOLD R 7S PZ,WH,79.03
MARIGOLD,R SLIM 7MM,WC,AS MARIGOLD R 7S WC,WH,129.59
