Categorie,Furnizor,Colectie,Cod produs,Finisaj,Decor,Pret lista (€)
Usi Interior,Erkado,WERBENA,MODEL 1,LACUIT,,452
Usi Interior,Erkado,WERBENA,MODEL 2,LACUIT,,452
Usi Interior,Erkado,WERBENA,MODEL 3,LACUIT,,452
Usi Interior,Erkado,WERBENA,MODEL 4,LACUIT,,522
Usi Interior,Erkado,WERBENA,MODEL 5,LACUIT,,522
Usi Interior,Erkado,WERBENA,MODEL 6,LACUIT,,522
Usi Interior,Erkado,WERBENA,MODEL 7,LACUIT,,522
Usi Interior,Erkado,WERBENA,MODEL 8,LACUIT,,522
Usi Interior,Erkado,WERBENA,MODEL 9,LACUIT,,522
Usi Interior,Erkado,JASMIN,MODEL 1,LACUIT,,477
Usi Interior,Erkado,JASMIN,MODEL 2,LACUIT,,477
Usi Interior,Erkado,JASMIN,MODEL 3,LACUIT,,477
Usi Interior,Erkado,JASMIN,MODEL 4,LACUIT,,477
Usi Interior,Erkado,JASMIN,MODEL 5,LACUIT,,477
Usi Interior,Erkado,JASMIN,MODEL 6,LACUIT,,477
Usi Interior,Erkado,JASMIN,MODEL 7,LACUIT,,477
Usi Interior,Erkado,JASMIN,MODEL 8,LACUIT,,477
Usi Interior,Erkado,AMARYLIS,MODEL 1,LACUIT,,462
Usi Interior,Erkado,AMARYLIS,MODEL 4,LACUIT,,462
Usi Interior,Erkado,AMARYLIS,MODEL 6,LACUIT,,462
Usi Interior,Erkado,AMARYLIS,MODEL 7,LACUIT,,462
Usi Interior,Erkado,AMARYLIS,MODEL 8,LACUIT,,462
Usi Interior,Erkado,AMARYLIS,MODEL 9,LACUIT,,462
Usi Interior,Erkado,PEONIA,MODEL 1,LACUIT,,485
Usi Interior,Erkado,PEONIA,MODEL 2,LACUIT,,485
Usi Interior,Erkado,PEONIA,MODEL 3,LACUIT,,485
Usi Interior,Erkado,PEONIA,MODEL 4,LACUIT,,485
Usi Interior,Erkado,PEONIA,MODEL 5,LACUIT,,485
Usi Interior,Erkado,PEONIA,MODEL 6,LACUIT,,485
Usi Interior,Erkado,UNO PREMIUM,MODEL 1,LACUIT,,233
Usi Interior,Erkado,TURAN,MODEL 1,LACUIT,,372
Usi Interior,Erkado,TURAN,MODEL 2,LACUIT,,372
Usi Interior,Erkado,TURAN,MODEL 3,LACUIT,,372
Usi Interior,Erkado,TURAN,MODEL 4,LACUIT,,372
Usi Interior,Erkado,TURAN,MODEL 5,LACUIT,,372
Usi Interior,Erkado,TURAN,MODEL 6,LACUIT,,372
Usi Interior,Erkado,TURAN,MODEL 7,LACUIT,,372
Usi Interior,Erkado,TURAN,MODEL 8,LACUIT,,471
Usi Interior,Erkado,MISKANT,MODEL 1,LACUIT,,399
Usi Interior,Erkado,MISKANT,MODEL 2,LACUIT,,399
Usi Interior,Erkado,MISKANT,MODEL 3,LACUIT,,399
Usi Interior,Erkado,MISKANT,MODEL 4,LACUIT,,399
Usi Interior,Erkado,MISKANT,MODEL 5,LACUIT,,399
Usi Interior,Erkado,MISKANT,MODEL 6,LACUIT,,399
Usi Interior,Erkado,NEMEZJA,MODEL 1,LACUIT,,390
Usi Interior,Erkado,NEMEZJA,MODEL 4,LACUIT,,390
Usi Interior,Erkado,NEMEZJA,MODEL 7,LACUIT,,390
Usi Interior,Erkado,NEMEZJA,MODEL 8,LACUIT,,390
Usi Interior,Erkado,NEMEZJA,MODEL 9,LACUIT,,390
Usi Interior,Erkado,NEMEZJA,MODEL 10,LACUIT,,390
Usi Interior,Erkado,NEMEZJA,MODEL 11,LACUIT,,390
Usi Interior,Erkado,NEMEZJA,MODEL 12,LACUIT,,390
Usi Interior,Erkado,NEMEZJA,MODEL 13,LACUIT,,390
Usi Interior,Erkado,NEMEZJA,MODEL 14,LACUIT,,390
Usi Interior,Erkado,NEMEZJA,MODEL 15,LACUIT,,390
Usi Interior,Erkado,NEMEZJA,MODEL 16,LACUIT,,390
Usi Interior,Erkado,LAURENCJA,MODEL 1,LACUIT,,390
Usi Interior,Erkado,LAURENCJA,MODEL 2,LACUIT,,390
Usi Interior,Erkado,LAURENCJA,MODEL 3,LACUIT,,390
Usi Interior,Erkado,LAURENCJA,MODEL 4,LACUIT,,390
Usi Interior,Erkado,LAURENCJA,MODEL 5,LACUIT,,390
Usi Interior,Erkado,LAURENCJA,MODEL 6,LACUIT,,390
Usi Interior,Erkado,MILDA,MODEL 1,LACUIT,,282
Usi Interior,Erkado,MILDA,MODEL 2,LACUIT,,282
Usi Interior,Erkado,MILDA,MODEL 3,LACUIT,,282
Usi Interior,Erkado,MILDA,MODEL 4,LACUIT,,282
Usi Interior,Erkado,MILDA,MODEL 5,LACUIT,,282
Usi Interior,Erkado,BALDUR,MODEL 1,LACUIT,,444
Usi Interior,Erkado,BALDUR,MODEL 2,LACUIT,,260
Usi Interior,Erkado,BALDUR,MODEL 4,LACUIT,,260
Usi Interior,Erkado,BALDUR,MODEL 6,LACUIT,,260
Usi Interior,Erkado,BALDUR,MODEL 7,LACUIT,,260
Usi Interior,Erkado,BALDUR,MODEL 8,LACUIT,,260
Usi Interior,Erkado,BALDUR,MODEL 3,LACUIT,,471
Usi Interior,Erkado,BALDUR,MODEL 5,LACUIT,,471
Usi Interior,Erkado,ANUBIS,MODEL 1,LACUIT,,260
Usi Interior,Erkado,ANUBIS,MODEL 2,LACUIT,,260
Usi Interior,Erkado,ANUBIS,MODEL 3,LACUIT,,260
Usi Interior,Erkado,ANUBIS,MODEL 4,LACUIT,,260
Usi Interior,Erkado,ANUBIS,MODEL 5,LACUIT,,260
Usi Interior,Erkado,SYLENA,MODEL 1,LACUIT,,247
Usi Interior,Erkado,SYLENA,MODEL 2,LACUIT,,247
Usi Interior,Erkado,SYLENA,MODEL 3,LACUIT,,247
Usi Interior,Erkado,SYLENA,MODEL 4,LACUIT,,247
Usi Interior,Erkado,SYLENA,MODEL 5,LACUIT,,247
Usi Interior,Erkado,SYLENA,MODEL 6,LACUIT,,260
Usi Interior,Erkado,SYLENA,MODEL 7,LACUIT,,260
Usi Interior,Erkado,SYLENA,MODEL 8,LACUIT,,260
